cluster,frequency,monetary,recency
4,6,"92.7",5
1,46,"947.2",9
1,5,"1761.0",9
1,25,"396.5",10
3,38,"6818.0",11
4,9,"215.3",3
1,27,"382.4",11
1,24,"417.05",7
4,18,"312.2",3
3,175,"2615.7",10
4,12,"134.1",6
3,113,"2726.6",7
1,34,"1118.6",9
2,103,"1701.08",10
1,52,"326.55",11
4,27,"354.79",3
2,91,"871.02",11
1,51,"1052.55",11
1,50,"135.32",9
4,17,"311.5",2
2,78,"1957.2",7
2,110,"1324.85",9
4,46,"1107.15",5
1,5,"521.2",10
1,3,"147.0",7
1,11,"380.0",9
4,4,"374.0",3
4,47,"855.9",4
1,10,"572.8",10
4,7,"298.0",3
1,13,"1464.4",11
1,42,"703.6",11
1,7,"309.1",9
2,71,"1174.6",10
2,82,"1378.55",10
4,5,"354.0",5
1,82,"381.11",11
4,3,"331.0",6
1,34,"188.14",11
1,22,"372.65",10
4,4,"216.5",5
4,10,"138.6",3
1,72,"510.06",11
3,63,"2918.95",11
4,2,"750.0",6
2,91,"2179.6",10
3,75,"3076.2",11
3,107,"3005.55",7
1,2,"594.0",8
1,28,"165.15",11
1,28,"405.6",7
1,29,"177.03",10
1,30,"934.1",9
4,8,"117.6",2
1,25,"414.25",9
2,106,"607.58",11
2,62,"1064.48",11
2,120,"1506.71",11
1,9,"114.5",11
2,99,"913.36",10
4,23,"463.0",2
2,116,"2066.85",11
0,215,"4165.1",11
1,17,"329.9",11
4,19,"108.05",2
0,238,"4019.4",11
2,109,"772.33",9
1,10,"160.0",11
1,5,"135.95",8
4,8,"144.85",5
4,22,"739.9",5
1,9,"39.27",7
1,20,"371.6",11
4,28,"389.85",4
1,4,"97.5",11
1,28,"558.75",9
4,92,"535.35",2
1,13,"409.5",11
1,31,"504.2",11
1,27,"415.3",11
1,3,"211.4",9
2,59,"1227.6",11
4,28,"457.4",5
4,7,"120.95",1
1,6,"149.1",8
4,26,"513.7",6
1,4,"81.65",10
4,14,"229.4",1
2,89,"1660.05",11
3,109,"3468.15",11
3,176,"3344.15",10
1,47,"789.75",9
0,458,"7292.1",11
1,40,"690.0",10
1,45,"659.8",11
2,71,"1010.48",10
1,27,"920.2",9
1,48,"882.3",7
1,28,"907.7",9
4,13,"517.3",3
4,33,"566.0",2
1,18,"306.1",9
1,35,"630.0",11
2,136,"1833.76",11
1,14,"657.0",10
4,18,"349.58",5
2,76,"1214.15",9
1,8,"271.85",11
4,8,"183.5",4
4,15,"307.6",3
1,10,"247.9",9
4,11,"346.9",6
2,69,"1119.27",11
1,48,"472.25",11
1,15,"115.56",9
1,2,"344.0",11
4,9,"228.8",5
4,7,"177.2",3
1,22,"919.7",8
4,6,"58.0",6
3,73,"3614.85",8
1,22,"417.5",7
1,21,"346.0",11
1,6,"74.6",9
1,1,"207.0",9
4,8,"102.1",4
1,8,"243.5",10
1,1,"76.5",7
2,58,"1530.5",10
1,47,"789.8",10
2,145,"1489.59",11
2,120,"2299.6",11
1,30,"503.65",7
2,79,"1199.11",11
4,1,"30.6",4
4,50,"283.05",3
1,55,"923.1",9
1,15,"259.0",9
1,2,"64.0",9
1,44,"1073.8",11
4,3,"77.3",3
4,7,"110.25",3
2,98,"1797.9",9
3,1,"3096.0",5
3,127,"2606.4",10
3,170,"5066.0",11
3,135,"2387.7",9
1,23,"307.49",11
4,3,"110.95",1
1,17,"229.45",11
1,4,"714.0",11
2,86,"1674.5",11
4,74,"1258.15",2
2,87,"1740.6",10
2,79,"1199.8",9
1,4,"91.8",11
4,8,"112.75",1
2,79,"1686.85",8
4,41,"416.8",3
1,65,"792.24",11
2,131,"1321.91",11
1,13,"713.7",10
1,32,"116.03",11
1,46,"468.15",11
1,72,"491.62",10
1,17,"283.3",10
1,11,"124.0",10
2,181,"1701.32",11
4,1,"71.4",3
2,79,"1574.75",10
4,37,"235.82",1
1,2,"114.6",11
1,29,"261.7",11
1,63,"914.2",9
1,29,"117.68",10
1,3,"60.7",7
2,110,"1801.05",11
1,46,"870.6",11
1,57,"871.6",11
1,8,"250.4",11
2,149,"1223.29",10
1,22,"352.2",9
2,142,"788.41",11
2,90,"1519.6",10
4,5,"334.0",3
1,4,"534.0",8
1,5,"62.7",8
1,21,"821.24",9
4,5,"163.4",5
2,108,"2160.4",10
4,16,"108.75",3
4,9,"259.2",5
1,2,"358.0",9
4,10,"161.1",4
2,207,"1357.73",11
1,43,"606.1",9
4,58,"1032.2",5
1,36,"745.0",11
4,21,"330.7",3
1,13,"270.4",8
4,58,"600.21",5
1,27,"121.79",9
1,16,"430.55",10
2,141,"1986.84",11
1,25,"500.0",11
1,26,"466.45",8
1,23,"711.67",9
1,36,"1029.2",7
1,38,"699.14",11
1,87,"292.49",10
1,8,"557.5",10
4,9,"944.1",3
4,11,"200.6",3
2,91,"2105.35",10
3,187,"3830.3",11
0,440,"3217.19",11
2,96,"217.33",11
1,15,"277.1",11
1,16,"138.85",8
1,30,"592.25",10
1,8,"258.4",11
1,46,"545.67",10
1,9,"137.8",9
2,85,"815.65",8
1,37,"1132.7",11
1,7,"93.7",10
4,13,"201.05",1
3,187,"2714.2",11
1,42,"361.19",7
1,31,"578.75",11
4,54,"877.05",6
1,5,"88.4",7
4,5,"142.5",3
4,20,"371.9",6
1,81,"618.73",8
1,1,"63.75",7
1,1,"15.0",8
2,54,"1385.1",11
2,72,"1131.2",11
2,78,"1556.1",11
3,87,"5983.15",11
2,106,"1552.3",9
1,11,"566.1",9
1,25,"199.98",11
1,12,"676.3",9
4,17,"1306.4",1
1,53,"1141.35",9
1,21,"350.7",11
0,268,"3536.75",9
1,51,"795.7",9
1,19,"487.95",7
4,54,"860.2",5
4,42,"775.5",3
4,19,"353.4",6
3,119,"2542.9",10
4,20,"390.0",2
1,8,"341.4",9
1,14,"232.6",10
1,16,"247.1",11
1,40,"979.25",11
1,16,"373.8",10
1,24,"398.7",10
1,51,"743.0",9
1,32,"675.0",8
1,42,"767.55",9
4,90,"610.86",3
4,29,"440.0",3
1,23,"439.1",10
3,166,"3089.8",11
2,60,"990.75",11
1,10,"135.0",9
2,128,"2229.8",11
1,1,"56.0",10
4,29,"622.9",3
1,23,"379.0",9
3,158,"3311.0",10
1,37,"779.05",9
1,53,"1019.95",9
2,97,"573.94",11
3,172,"3638.0",11
4,15,"223.35",3
3,152,"4151.55",11
4,35,"535.3",1
1,35,"678.05",7
1,51,"797.8",11
1,13,"543.5",9
4,1,"59.8",5
4,21,"308.8",6
2,43,"1360.3",11
2,38,"1545.0",9
4,26,"458.85",5
1,3,"75.0",11
1,27,"572.401",9
1,28,"1002.5",11
1,18,"213.7",8
1,24,"1390.5",7
1,19,"712.5",10
1,16,"222.0",10
1,8,"161.05",7
2,104,"1851.34",10
3,127,"2623.7",10
2,78,"1623.9",8
1,29,"582.3",11
1,74,"218.56",11
2,67,"1007.95",11
1,49,"678.8",11
1,46,"1268.4",10
1,10,"534.3",9
3,167,"3406.7",11
4,54,"283.03",3
1,13,"296.9",9
2,59,"1131.15",11
1,19,"292.2",11
2,71,"2045.2",11
0,443,"2985.22",11
4,2,"590.0",3
4,17,"357.0",6
2,63,"1767.5",11
1,17,"187.5",11
1,27,"1448.2",11
4,9,"151.5",4
1,41,"675.35",10
4,17,"308.4",6
2,99,"1084.71",11
1,10,"165.0",9
1,21,"422.2",10
4,64,"229.78",4
2,86,"1427.8",6
4,58,"1239.3",6
2,79,"1454.85",11
4,15,"301.5",5
2,109,"1805.5",10
4,11,"184.8",4
1,10,"139.9",10
4,8,"313.8",4
4,23,"454.4",4
2,69,"1120.6",9
1,14,"448.5",8
4,18,"316.0",2
1,42,"1161.3",11
2,65,"1165.65",11
1,18,"292.2",11
1,17,"220.2",9
1,22,"296.45",10
4,12,"111.02",4
4,15,"252.0",3
1,10,"205.2",8
1,4,"152.2",9
1,59,"891.3",9
2,44,"1389.8",11
2,141,"2129.95",10
1,38,"659.2",9
1,8,"123.2",9
1,5,"125.8",11
1,27,"679.8",10
1,6,"628.8",11
0,223,"2290.33",11
1,15,"308.4",9
1,66,"210.81",11
4,76,"271.23",6
1,25,"1280.9",10
1,37,"632.2",9
1,87,"291.35",10
2,98,"627.83",11
2,124,"683.22",9
1,51,"917.25",11
4,4,"91.95",1
3,109,"3740.4",10
3,136,"4147.35",9
1,34,"587.4",11
4,14,"141.91",5
2,82,"1800.0",9
1,49,"777.94",9
1,38,"240.34",11
2,176,"876.16",10
4,44,"192.85",6
4,27,"239.45",4
0,341,"2093.49",11
4,33,"1383.95",5
1,26,"294.26",10
1,46,"730.9",11
2,83,"1688.9",11
4,10,"118.0",2
1,53,"780.8",7
4,24,"142.45",2
1,8,"712.2",10
3,174,"2481.29",11
1,21,"379.3",11
2,87,"1982.8",11
2,58,"1116.55",10
1,16,"248.95",11
2,128,"2036.9",8
1,26,"399.0",10
1,40,"180.17",10
4,19,"221.85",1
2,99,"693.25",10
1,23,"428.7",10
1,27,"164.8",11
1,43,"281.18",11
2,98,"678.5",10
2,226,"1132.31",11
2,201,"1611.0",11
4,23,"417.6",1
1,44,"545.0",10
4,13,"178.1",6
1,19,"213.6",8
2,81,"747.92",11
4,19,"256.6",4
3,59,"7793.6",11
3,11,"3071.0",9
2,146,"2120.68",11
2,188,"1577.63",11
2,62,"1069.4",10
2,63,"949.25",11
2,101,"810.59",10
1,8,"123.5",11
1,40,"1033.8",9
4,66,"354.76",5
1,28,"519.9",11
3,146,"2623.85",11
1,5,"252.1",8
2,79,"1678.6",11
2,96,"1834.35",11
1,6,"94.2",11
3,166,"2710.55",10
1,56,"934.45",8
4,49,"379.6",6
1,16,"383.9",11
3,108,"2639.8",11
2,104,"1569.53",5
1,53,"900.9",9
4,13,"188.8",6
1,12,"84.3",10
1,87,"305.21",7
1,9,"218.95",10
1,25,"349.1",9
4,6,"186.5",2
1,65,"397.07",11
1,25,"486.1",7
1,16,"234.2",7
1,57,"828.74",11
4,3,"59.5",6
4,30,"67.23",2
4,8,"73.0",6
1,6,"910.0",10
1,9,"171.95",10
2,53,"1490.9",11
3,90,"2503.8",11
1,12,"151.2",11
1,14,"308.4",7
3,197,"2270.66",11
4,1,"99.5",1
4,20,"330.8",2
4,48,"808.45",3
4,51,"298.34",3
1,8,"180.2",11
4,13,"253.3",5
4,10,"229.0",4
4,21,"137.85",3
2,102,"1446.35",11
4,12,"306.95",4
2,60,"1041.25",11
1,43,"799.5",8
1,28,"524.1",11
2,85,"2377.95",7
4,6,"200.0",5
2,104,"1980.8",10
1,42,"1078.6",11
1,20,"333.8",11
2,63,"1013.5",11
1,43,"753.25",7
4,38,"612.2",5
1,33,"490.3",11
3,196,"2887.17",11
4,30,"339.68",5
1,3,"216.9",11
4,23,"351.0",4
1,34,"668.9",9
0,321,"3131.55",11
2,72,"1156.35",9
4,25,"298.7",6
1,24,"1647.1",10
4,9,"296.75",2
2,76,"1185.9",8
4,35,"744.3",2
1,12,"282.6",7
1,25,"658.9",11
1,57,"286.63",10
2,70,"1073.4",10
4,7,"306.2",5
1,15,"1716.8",10
2,208,"1526.36",9
3,119,"2632.65",10
2,177,"1132.54",11
1,22,"344.05",9
1,9,"178.75",8
4,17,"127.84",4
2,115,"911.62",11
2,31,"2463.85",11
1,11,"1516.0",8
1,13,"194.8",10
1,39,"688.5",8
4,33,"557.5",2
1,23,"324.8",10
3,60,"4598.5",7
4,17,"277.7",3
3,137,"2634.4",11
1,13,"923.0",10
1,10,"256.45",10
4,36,"1138.9",2
1,59,"386.21",7
1,40,"961.6",11
2,46,"1699.9",11
4,10,"189.1",6
2,93,"412.35",10
1,15,"209.9",11
1,3,"52.2",11
1,29,"385.0",7
1,55,"835.2",11
4,19,"271.35",5
4,1,"85.0",4
1,20,"361.3",11
1,9,"313.9",10
2,101,"1538.9",10
2,93,"1594.3",8
3,81,"2651.2",9
1,23,"1089.7",10
4,14,"388.5",6
1,11,"216.5",10
4,28,"202.61",1
2,139,"2206.7",11
4,20,"306.0",4
1,30,"502.05",10
1,7,"145.7",9
2,61,"1015.85",11
0,336,"6410.8",11
1,23,"389.25",8
2,104,"1788.35",10
1,7,"123.5",10
1,3,"117.0",9
1,36,"1282.0",10
3,142,"2671.3",11
4,28,"507.7",6
1,16,"243.2",9
4,19,"350.8",5
1,40,"605.42",8
1,15,"415.8",9
1,27,"632.4",11
4,21,"821.3",2
1,27,"564.95",11
3,118,"2592.5",11
1,17,"311.0",10
4,12,"155.9",1
1,19,"388.3",11
4,43,"740.3",6
3,149,"2866.45",9
1,26,"332.3",11
2,122,"2370.75",9
3,148,"2580.8",10
1,33,"626.9",11
1,18,"271.2",10
1,30,"1211.1",10
1,20,"350.8",10
1,41,"678.05",9
1,11,"224.35",11
1,21,"350.3",9
1,27,"464.0",11
4,9,"842.5",6
1,17,"337.3",10
2,58,"1235.9",9
4,16,"307.4",2
1,23,"608.2",8
4,31,"921.95",3
4,26,"376.3",6
4,9,"159.3",6
1,7,"71.3",11
1,45,"568.6",11
1,49,"837.5",11
1,11,"560.95",9
1,5,"90.6",10
1,35,"744.75",11
4,39,"673.2",6
3,137,"3251.401",5
1,33,"322.36",7
1,12,"230.5",11
1,11,"170.25",11
1,2,"80.7",7
3,149,"2757.1",11
1,15,"190.5",9
4,11,"265.05",2
1,28,"414.2",10
0,338,"2528.41",11
4,10,"358.3",5
1,15,"198.05",11
1,54,"870.2",9
1,11,"200.7",10
1,13,"321.2",11
0,234,"4147.65",11
1,41,"1266.75",10
4,16,"311.4",5
2,84,"858.14",11
1,5,"76.8",11
3,121,"3467.85",10
2,86,"1395.2",11
4,15,"637.6",5
1,47,"531.05",7
3,171,"4579.7",10
3,84,"2871.6",11
1,30,"961.95",8
4,42,"696.1",5
4,11,"329.2",3
1,34,"471.7",8
1,39,"507.6",9
1,20,"917.0",10
2,66,"1421.3",10
1,39,"642.6",11
1,22,"631.6",7
4,28,"441.2",4
1,16,"327.35",8
1,6,"104.7",10
1,15,"467.3",10
2,89,"653.29",11
2,66,"1427.31",11
4,38,"625.7",2
2,92,"1559.1",9
1,6,"152.2",11
0,235,"3614.83",10
4,21,"141.5",3
2,209,"653.27",11
4,14,"154.3",2
4,85,"410.13",2
0,488,"5681.47",11
1,54,"745.0",11
1,56,"225.87",11
1,4,"260.8",8
1,6,"92.5",10
1,10,"725.7",8
4,8,"183.4",3
2,80,"1351.67",11
4,7,"152.55",3
1,52,"375.68",10
4,24,"266.1",1
1,13,"150.5",11
1,46,"122.56",8
1,42,"499.58",10
1,12,"376.2",8
1,4,"45.0",11
1,14,"160.5",10
4,1,"76.3",1
2,105,"442.94",11
1,21,"147.88",11
1,26,"195.15",7
3,35,"5977.15",9
1,21,"216.13",7
4,74,"1267.1",4
1,34,"598.35",11
1,9,"143.8",9
1,10,"692.5",11
3,160,"2913.85",11
4,15,"386.6",3
2,72,"1382.1",11
1,3,"90.0",7
1,5,"419.0",9
3,167,"2743.9",11
1,44,"709.8",8
1,46,"639.2",10
4,67,"484.82",1
1,28,"605.05",8
1,26,"413.9",10
1,7,"115.8",7
3,11,"3743.0",10
1,5,"483.4",9
4,3,"157.3",4
4,28,"446.5",5
1,49,"620.5",9
4,52,"1348.3",4
4,6,"119.0",3
1,48,"432.57",11
1,41,"510.4",10
4,25,"289.68",6
2,52,"2446.2",9
1,29,"1631.1",9
4,25,"122.61",3
1,52,"575.64",10
1,58,"364.01",9
1,29,"451.27",11
1,26,"134.45",11
3,149,"3224.1",10
1,42,"559.23",9
2,165,"719.86",10
1,24,"452.9",10
4,3,"197.7",1
2,65,"2055.4",11
1,42,"851.6",10
4,7,"1012.4",5
1,6,"335.3",8
1,39,"702.6",11
4,2,"185.2",5
1,24,"465.9",11
4,20,"326.6",4
1,10,"152.5",9
2,87,"2073.6",11
2,112,"2239.65",10
1,9,"1070.0",9
2,67,"1005.6",11
1,12,"169.4",10
3,193,"3435.95",10
4,41,"684.25",6
1,60,"989.95",9
2,118,"1049.96",8
2,67,"2232.7",11
3,175,"3350.6",11
2,40,"1547.05",10
4,50,"925.15",6
2,115,"2049.55",10
1,35,"1461.5",10
2,159,"776.18",11
3,79,"3146.0",9
4,8,"147.1",1
2,112,"2378.7",10
1,42,"888.9",11
4,10,"212.9",6
4,16,"280.4",4
2,108,"1694.25",5
2,75,"1474.4",8
4,20,"136.8",3
4,8,"302.3",1
3,106,"3102.95",10
1,5,"120.0",7
2,52,"1163.4",10
1,17,"334.0",7
4,55,"1518.4",6
4,29,"491.95",1
4,10,"112.2",4
1,33,"438.2",9
1,29,"560.3",10
2,64,"1116.35",9
4,8,"134.1",5
1,32,"595.55",11
2,27,"1909.75",11
0,280,"4640.2",11
4,16,"426.6",5
1,5,"165.0",10
2,62,"1304.9",11
1,3,"43.0",11
1,13,"639.9",8
4,17,"384.35",5
2,105,"1858.45",9
2,33,"2094.3",10
4,20,"310.05",4
2,87,"1610.65",10
1,8,"120.7",8
3,101,"2480.9",10
1,24,"508.6",10
4,31,"478.3",5
2,123,"1534.15",11
1,36,"603.9",8
4,8,"183.9",4
4,12,"311.9",6
0,259,"5015.0",11
1,28,"463.0",8
1,26,"864.35",11
1,15,"415.3",10
2,90,"1615.3",11
1,31,"588.55",7
4,14,"309.4",4
4,6,"134.5",5
2,129,"2183.41",10
1,21,"669.7",11
1,6,"109.1",11
1,60,"1022.0",8
4,18,"409.4",3
1,31,"133.64",11
4,18,"282.5",3
4,1,"51.0",6
1,47,"1078.0",7
4,6,"90.6",5
1,33,"701.1",9
1,41,"226.0",10
1,55,"911.6",11
2,118,"2128.8",11
1,41,"161.2",11
3,69,"3717.8",8
4,8,"155.0",1
4,4,"100.5",2
4,75,"257.86",6
4,11,"616.9",6
1,46,"347.66",10
1,56,"202.77",10
2,131,"628.66",11
2,59,"1247.95",11
1,14,"201.2",11
4,7,"142.2",2
2,140,"1774.28",11
1,45,"1042.9",10
4,5,"68.0",5
1,25,"574.7",7
1,20,"1475.0",8
1,8,"157.2",8
2,73,"2159.8",8
3,107,"2602.21",11
2,193,"1104.47",9
4,14,"1063.2",2
1,43,"769.2",10
1,14,"489.6",11
1,29,"386.3",9
1,27,"812.7",10
4,3,"264.6",5
1,1,"322.0",11
0,224,"4477.2",11
1,17,"364.5",10
4,17,"470.0",2
0,382,"2257.27",11
1,12,"1374.2",11
1,9,"89.2",9
4,9,"131.9",2
2,70,"1165.4",11
4,40,"483.96",6
2,109,"662.88",10
1,62,"264.54",11
4,22,"119.97",6
4,4,"114.0",2
2,37,"1837.6",7
1,16,"434.6",8
2,180,"2103.57",7
0,240,"2002.68",10
1,6,"530.1",9
4,130,"1059.27",4
2,90,"599.12",11
1,43,"461.55",11
1,7,"234.2",9
1,29,"548.2",10
1,42,"923.6",9
4,19,"215.05",3
1,10,"1309.6",11
1,13,"278.7",11
4,30,"638.4",6
2,144,"2069.97",11
4,9,"137.4",3
1,14,"321.4",10
1,47,"165.73",11
1,46,"1063.1",10
4,30,"464.9",5
1,7,"139.6",11
1,6,"123.8",10
4,29,"474.95",2
2,194,"814.98",11
1,7,"356.85",9
4,10,"251.1",6
2,107,"674.6",10
2,96,"1383.34",11
1,57,"277.09",11
2,68,"1313.8",11
4,23,"275.4",6
1,12,"455.65",8
2,73,"1055.46",10
2,101,"2103.17",11
1,18,"331.0",11
1,16,"173.95",10
1,17,"974.7",11
1,12,"242.0",8
1,18,"364.15",11
2,229,"620.38",10
0,216,"2925.12",11
0,330,"2868.17",10
4,19,"171.8",3
1,10,"355.6",10
1,19,"387.6",10
1,32,"536.9",11
2,76,"996.57",11
2,111,"1463.2",10
4,5,"103.3",6
1,4,"653.2",7
4,56,"289.33",2
1,48,"765.62",11
1,10,"186.7",11
1,58,"165.05",7
2,113,"862.18",11
0,216,"2379.94",11
1,21,"324.4",10
1,16,"788.1",9
2,69,"1081.25",9
1,33,"1529.6",10
4,29,"218.11",3
1,17,"139.27",11
1,6,"114.7",10
2,100,"1043.39",6
1,29,"157.24",10
4,19,"236.3",3
0,383,"1602.16",11
2,197,"1447.7",11
2,164,"570.97",11
2,152,"618.25",11
2,102,"1740.79",11
1,55,"883.21",11
1,50,"222.6",10
4,25,"394.45",2
1,7,"213.4",11
4,2,"660.0",3
1,4,"601.0",9
4,3,"406.0",4
1,16,"552.8",11
4,20,"393.9",4
4,26,"412.9",5
4,21,"320.6",6
2,134,"889.48",11
1,13,"227.2",10
3,122,"2790.25",11
1,24,"674.05",9
1,41,"1006.3",10
4,8,"114.8",3
4,20,"344.8",3
1,28,"610.3",11
1,16,"443.5",10
2,106,"2125.3",11
1,7,"110.1",11
1,2,"96.1",10
1,26,"830.6",10
1,30,"596.85",7
4,30,"243.37",5
2,102,"654.46",10
1,29,"114.16",9
4,80,"291.12",6
2,126,"848.92",11
1,30,"285.74",9
1,4,"107.95",11
2,168,"774.04",11
2,99,"637.87",11
2,90,"1833.45",10
1,14,"194.7",11
2,170,"1269.49",4
4,132,"411.71",3
4,61,"764.9",4
2,102,"605.95",11
2,42,"2545.8",11
1,7,"498.95",9
4,2,"52.0",6
1,15,"628.2",8
4,13,"112.6",5
1,50,"372.47",10
2,71,"2114.4",11
1,68,"591.05",7
4,8,"173.0",3
4,22,"189.4",5
4,8,"109.2",5
2,115,"2236.37",11
0,335,"2551.15",11
1,22,"318.4",11
0,415,"1547.16",11
4,1,"179.0",5
2,139,"605.91",11
0,357,"2869.04",11
1,25,"917.15",11
1,10,"160.55",11
2,71,"869.15",11
1,55,"329.29",10
1,29,"188.8",7
1,52,"719.7",11
4,10,"268.65",3
1,45,"380.15",10
2,54,"1313.15",10
4,89,"1448.55",5
2,69,"1217.9",8
4,18,"328.4",4
1,5,"390.0",10
1,30,"563.4",9
1,41,"638.95",10
0,235,"5007.55",11
1,38,"740.7",11
1,19,"420.6",9
2,71,"1485.45",7
4,5,"89.0",2
1,11,"255.5",10
4,21,"301.5",3
1,6,"278.6",10
1,39,"255.06",11
1,5,"192.6",11
4,52,"875.5",4
1,9,"138.95",8
3,117,"2533.9",10
1,35,"731.4",8
4,41,"386.15",3
1,27,"446.55",10
4,6,"200.1",1
1,15,"290.05",11
1,3,"77.5",11
1,6,"197.2",11
1,46,"744.5",11
1,2,"6.2",10
1,14,"229.0",11
4,6,"131.65",6
1,12,"173.2",10
1,13,"157.77",10
1,59,"193.38",10
4,44,"844.63",6
1,47,"555.0",11
1,11,"193.25",9
0,235,"2744.21",10
1,53,"778.5",11
4,4,"271.85",5
4,63,"1112.8",5
1,48,"658.75",9
1,13,"271.8",10
1,29,"507.3",11
4,70,"321.48",6
1,29,"1128.0",11
4,17,"2141.1",5
1,40,"197.79",10
2,67,"1719.0",11
1,6,"102.5",11
2,108,"1648.7",9
4,4,"62.9",3
3,145,"2822.25",10
3,130,"3194.6",10
1,13,"309.4",7
4,21,"324.75",2
1,28,"510.9",11
3,143,"2837.25",10
1,9,"475.8",11
3,127,"2762.15",9
1,20,"646.3",8
2,66,"1310.8",11
2,60,"1172.75",10
2,58,"1353.5",11
1,11,"171.1",11
1,6,"126.4",10
1,48,"840.8",11
1,11,"266.8",11
4,36,"709.5",6
4,13,"326.9",3
4,28,"519.55",5
2,47,"1465.05",8
1,47,"705.1",9
1,17,"255.6",11
1,11,"589.7",11
1,53,"762.1",11
1,15,"764.0",7
4,18,"364.8",4
1,6,"1862.0",9
4,20,"369.2",5
4,10,"136.2",1
4,7,"125.5",3
1,33,"557.0",7
2,73,"1238.0",11
1,23,"655.7",9
1,20,"332.1",11
0,355,"2811.13",11
1,17,"615.4",7
1,9,"277.4",9
1,12,"307.3",9
2,77,"1268.65",9
2,45,"1610.4",8
4,57,"977.1",5
2,78,"1315.9",11
1,44,"748.4",10
4,10,"310.25",4
1,11,"223.5",11
3,170,"5894.35",11
1,3,"100.9",11
1,14,"289.9",9
2,63,"1099.9",11
1,19,"371.3",11
1,20,"312.65",9
1,55,"290.09",11
1,85,"336.13",11
4,12,"58.45",3
1,42,"500.38",7
1,59,"695.5",10
4,5,"126.95",3
2,198,"1489.05",11
4,13,"206.4",4
2,83,"598.3",9
1,38,"191.26",11
1,6,"463.4",10
1,37,"147.74",11
2,34,"1592.11",10
2,160,"1116.38",11
1,18,"114.84",8
1,32,"1314.75",8
1,21,"114.39",11
1,11,"280.2",10
2,72,"791.51",10
2,216,"1932.58",9
4,8,"103.1",4
1,41,"213.32",11
4,40,"334.9",5
1,61,"233.31",11
1,26,"547.1",10
4,75,"429.61",6
1,77,"491.37",10
2,158,"1247.1",7
2,144,"502.17",10
1,12,"156.91",7
2,182,"1262.72",11
1,20,"307.45",11
1,35,"260.46",10
4,20,"170.01",6
1,20,"125.6",11
4,70,"266.13",3
2,135,"907.86",11
1,72,"376.95",11
1,61,"469.75",9
1,35,"1065.4",11
1,7,"518.7",9
1,27,"253.14",9
2,127,"466.67",9
4,67,"180.37",6
4,5,"136.61",5
1,3,"537.0",11
1,12,"735.7",7
3,206,"5211.29",11
4,22,"344.9",3
4,3,"121.2",3
2,78,"1782.43",11
2,143,"1394.36",11
4,30,"215.8",1
2,114,"302.41",11
4,25,"1489.5",3
0,276,"2124.35",11
2,237,"1338.44",10
4,5,"370.8",5
3,155,"3157.75",11
1,42,"893.4",10
2,82,"1743.8",9
2,104,"553.97",10
4,70,"1113.9",6
1,26,"981.55",9
1,54,"1043.5",11
1,42,"749.1",8
1,27,"772.65",9
4,49,"879.75",6
4,5,"88.3",3
4,15,"305.7",3
2,57,"1159.7",11
3,145,"2424.35",11
4,23,"380.3",2
1,30,"480.1",10
4,26,"457.7",5
1,47,"1370.4",8
1,11,"219.0",10
1,23,"411.62",9
1,35,"704.0",11
4,69,"1028.75",5
2,101,"2298.6",11
2,100,"1422.95",11
4,28,"485.0",4
1,35,"995.25",11
3,100,"3608.63",11
3,197,"2759.5",11
1,21,"339.4",11
2,45,"1352.35",11
2,79,"1553.9",11
1,1,"245.0",7
4,14,"266.7",4
1,21,"361.9",7
1,28,"457.15",10
2,82,"1634.2",8
1,15,"183.95",11
1,16,"406.3",10
2,102,"1468.8",10
3,84,"3446.65",10
4,22,"329.7",6
1,52,"977.1",11
1,29,"984.0",8
2,73,"1385.8",11
4,9,"139.1",4
4,13,"178.5",4
2,80,"2354.7",10
1,26,"499.2",10
4,14,"259.8",4
2,91,"1329.0",6
4,28,"621.3",4
1,20,"300.8",11
1,23,"520.85",7
0,343,"5320.5",11
0,271,"4745.05",11
1,22,"329.35",11
1,85,"296.38",9
1,7,"401.4",10
1,29,"304.45",11
2,103,"843.27",10
4,41,"163.0",1
1,5,"106.6",11
4,5,"1289.0",1
4,11,"135.55",1
1,23,"223.2",9
4,3,"40.5",3
2,93,"2209.6",11
1,16,"690.6",10
1,29,"623.0",7
1,63,"406.51",11
1,21,"310.9",9
1,19,"411.1",11
1,19,"499.55",10
1,10,"193.6",9
1,13,"1267.4",10
2,69,"1233.7",9
2,142,"1834.7",11
1,37,"652.55",9
1,9,"420.3",11
4,20,"330.25",4
4,5,"101.8",4
4,24,"330.4",1
1,35,"734.0",10
1,2,"96.6",9
3,166,"5755.78",11
4,9,"305.75",6
2,117,"1779.15",10
4,5,"585.0",1
4,20,"755.4",4
4,23,"410.0",4
4,8,"154.5",2
2,58,"1219.7",11
3,125,"3382.6",10
4,23,"433.9",4
1,31,"615.9",8
4,14,"197.1",3
4,15,"323.1",2
1,50,"1073.0",11
1,49,"781.2",11
2,78,"1707.45",10
2,110,"1760.85",10
1,22,"316.8",9
1,34,"631.6",10
3,89,"2513.4",7
1,6,"355.6",8
0,350,"6690.3",11
1,44,"743.5",11
1,53,"916.75",11
1,18,"301.8",8
1,47,"891.2",10
1,6,"98.1",7
4,7,"316.95",3
4,34,"623.4",6
1,19,"254.3",7
4,10,"178.8",1
1,12,"157.1",8
1,23,"393.1",10
2,82,"1505.55",7
4,6,"119.4",1
1,11,"1717.6",11
1,2,"409.0",11
2,41,"2380.3",11
1,63,"722.02",10
1,41,"615.45",11
1,52,"135.33",10
1,12,"256.4",10
4,16,"113.23",6
2,139,"2332.65",10
1,3,"240.8",10
1,20,"486.6",11
1,58,"937.8",11
4,25,"181.39",5
3,194,"3673.0",10
1,39,"642.2",11
1,28,"495.5",10
4,31,"573.55",2
2,58,"1176.5",10
1,12,"205.5",9
4,19,"310.4",3
1,1,"52.0",8
4,24,"328.8",5
1,37,"568.4",10
4,1,"165.0",1
4,16,"205.8",3
1,36,"267.59",10
3,95,"2746.4",9
1,42,"679.5",9
1,49,"162.87",8
4,29,"313.4",1
1,10,"209.05",10
2,57,"1049.75",10
1,13,"716.0",11
4,16,"1028.85",5
2,99,"352.45",7
1,36,"174.0",10
2,86,"573.85",10
2,17,"2021.0",9
1,24,"405.45",8
1,21,"364.5",9
1,20,"393.65",10
4,17,"252.9",1
1,9,"158.8",9
1,72,"473.52",7
1,14,"277.1",11
1,13,"427.5",10
1,29,"912.1",9
2,114,"2316.35",11
2,95,"1877.1",10
1,4,"447.5",11
2,94,"2386.55",10
2,27,"2004.9",7
1,3,"168.0",8
2,117,"1232.66",10
4,8,"596.9",5
0,302,"5951.95",11
1,12,"316.9",10
4,31,"393.2",6
4,1,"500.0",6
1,12,"230.3",11
4,7,"107.6",1
1,14,"287.9",8
4,6,"94.1",2
2,73,"1345.2",11
1,12,"715.4",9
1,42,"627.36",7
4,8,"349.4",6
1,53,"510.89",11
2,153,"1056.77",11
4,34,"267.0",3
3,122,"3451.25",9
2,99,"1359.09",11
4,10,"190.25",6
1,39,"773.9",11
4,48,"572.16",1
3,192,"3989.1",10
1,28,"508.6",9
1,8,"136.1",11
1,53,"950.0",10
4,6,"97.5",1
1,2,"43.5",11
4,17,"382.9",3
0,306,"1484.71",11
1,6,"93.9",11
1,82,"397.39",11
1,10,"171.8",11
4,41,"531.0",5
1,29,"149.36",11
0,329,"1122.96",11
4,45,"200.21",3
1,25,"156.65",7
1,62,"384.22",10
4,2,"594.0",4
2,219,"1418.24",11
4,5,"113.1",3
4,9,"154.6",1
4,28,"494.7",1
2,60,"973.0",11
1,30,"428.0",11
1,58,"538.57",11
4,58,"237.11",3
1,7,"162.0",11
1,11,"234.6",9
1,7,"125.9",11
4,157,"1049.26",1
1,57,"334.55",9
1,52,"524.92",11
1,24,"466.6",10
1,24,"538.3",10
1,76,"371.7",8
1,11,"1771.0",11
1,29,"453.8",9
2,46,"1441.62",10
1,88,"233.24",7
1,2,"91.3",9
1,50,"1134.15",11
3,154,"3095.88",9
1,35,"659.8",11
0,297,"2002.15",11
2,125,"1298.83",11
1,15,"1262.2",11
1,13,"52.9",9
3,97,"3613.1",10
2,164,"980.32",11
4,46,"493.71",6
2,92,"1000.18",6
4,1,"250.0",1
2,160,"909.34",11
1,15,"62.43",10
4,27,"266.75",4
2,214,"1940.38",10
3,185,"3009.58",10
1,57,"401.36",11
1,10,"412.56",9
1,1,"440.0",11
1,4,"148.0",11
4,26,"229.87",3
2,108,"1503.15",11
2,83,"807.88",11
4,75,"536.4",6
4,24,"110.92",6
1,15,"213.3",11
1,29,"85.13",8
4,28,"127.9",2
2,115,"1695.34",9
1,29,"436.15",11
4,17,"90.15",5
1,56,"437.57",10
4,14,"216.8",3
1,31,"279.73",11
1,20,"473.73",11
1,27,"801.05",11
1,8,"172.8",10
1,7,"186.05",11
1,31,"1375.95",8
1,57,"651.16",11
2,104,"607.77",11
1,45,"940.42",11
1,39,"258.95",7
4,13,"127.1",6
1,51,"348.64",10
1,44,"684.0",11
2,123,"725.38",11
4,31,"456.2",6
4,29,"479.5",3
1,24,"388.9",10
1,5,"199.6",9
2,103,"1773.8",11
1,22,"325.2",11
1,14,"240.4",10
1,52,"762.15",11
1,2,"49.0",9
1,17,"216.2",10
3,77,"2920.6",10
4,13,"104.6",1
2,60,"1091.2",11
4,16,"298.6",6
1,6,"112.4",10
2,43,"1592.4",11
1,6,"195.3",11
1,45,"776.001",11
1,3,"336.4",11
3,185,"3707.75",10
1,19,"300.6",7
1,34,"588.75",8
2,64,"1531.9",8
1,49,"674.3",9
2,60,"1184.55",10
3,167,"3290.7",11
1,15,"243.8",11
1,25,"723.8",9
1,15,"223.3",10
1,25,"427.3",7
4,33,"665.05",6
2,238,"813.39",6
1,52,"612.29",11
4,25,"657.1",5
1,32,"647.7",11
1,21,"337.85",9
1,6,"877.4",9
1,21,"922.4",11
4,34,"559.5",4
1,47,"749.1",10
1,1,"30.0",11
1,11,"306.9",10
4,5,"309.8",1
1,9,"138.1",8
1,17,"386.2",10
2,116,"2238.42",6
1,13,"301.6",10
4,1,"76.3",5
1,33,"684.7",10
4,12,"172.5",2
3,78,"2655.1",11
3,155,"2880.59",9
3,114,"2446.51",9
1,21,"323.75",9
3,202,"3435.7",11
1,33,"656.3",10
1,12,"352.1",10
2,110,"781.72",11
2,53,"1425.2",11
1,10,"193.8",8
4,2,"136.8",4
1,12,"190.9",11
4,22,"410.25",3
3,171,"2737.36",11
1,18,"309.35",11
4,86,"697.6",6
4,5,"211.4",3
2,117,"2294.43",7
4,6,"143.1",5
1,55,"1060.6",10
2,214,"947.26",11
4,6,"132.9",3
2,53,"1074.0",11
1,35,"331.08",11
4,7,"149.5",4
2,128,"599.3",11
2,91,"507.12",11
2,69,"2222.1",11
4,11,"219.3",5
1,32,"415.15",11
4,5,"85.0",5
2,70,"1123.05",10
4,10,"162.3",3
1,26,"1341.3",8
2,72,"1205.45",11
1,8,"449.6",10
1,9,"154.8",10
2,88,"784.85",11
1,3,"35.0",9
2,62,"1095.55",11
1,28,"197.15",7
2,93,"974.01",11
1,21,"149.31",10
4,1,"79.0",2
1,28,"458.4",10
2,141,"2362.9",11
2,192,"533.42",10
1,45,"715.8",10
1,9,"205.3",11
1,37,"583.1",10
2,61,"1086.95",11
3,180,"3285.6",9
1,11,"314.9",10
1,27,"622.8",8
1,25,"270.8",10
4,7,"104.7",4
1,18,"241.45",7
1,20,"345.35",11
3,43,"2614.8",11
1,14,"246.0",11
2,83,"2326.6",11
0,267,"4932.05",10
2,206,"949.36",11
1,35,"220.59",11
2,75,"1611.95",10
1,12,"965.75",11
1,42,"613.05",7
1,8,"2207.0",8
2,98,"885.1",9
2,119,"699.32",8
2,64,"1063.5",10
1,1,"451.42",7
1,8,"415.8",10
1,31,"785.7",10
1,48,"903.2",10
1,35,"516.85",11
2,89,"1392.84",9
2,41,"1804.0",8
4,40,"1307.25",5
2,72,"1943.35",11
2,49,"2101.8",10
2,123,"1906.7",10
4,17,"207.05",1
1,62,"571.75",10
4,20,"533.0",6
2,68,"1653.0",10
1,51,"635.1",9
1,39,"577.5",11
2,68,"801.5",10
4,54,"836.4",3
0,273,"2233.92",9
1,50,"955.0",10
1,10,"137.4",10
1,24,"391.95",10
2,62,"1047.6",11
1,27,"355.7",10
1,47,"1224.0",9
4,8,"119.45",2
1,11,"129.2",10
3,138,"3709.6",11
1,22,"388.25",11
2,97,"239.2",11
4,22,"160.71",6
1,30,"111.64",10
1,80,"712.5",7
1,14,"294.6",11
1,18,"68.84",11
2,20,"1938.1",11
1,40,"895.65",10
1,45,"231.54",8
4,15,"149.5",3
1,76,"356.04",11
2,128,"360.88",11
3,120,"4407.65",10
1,18,"379.6",9
1,12,"181.1",10
1,12,"168.32",9
4,62,"523.71",4
1,11,"178.85",7
4,24,"222.71",5
1,51,"351.54",11
2,116,"363.95",11
3,74,"5127.4",11
2,150,"1569.0",11
4,7,"191.9",6
4,19,"265.69",6
4,12,"122.7",4
4,40,"334.21",6
1,60,"167.51",7
4,25,"335.93",6
4,12,"206.55",5
1,21,"426.9",10
2,74,"1106.55",11
4,12,"416.62",4
1,7,"145.8",10
1,18,"404.6",8
3,76,"6110.4",9
4,1,"35.8",2
1,14,"337.4",7
4,6,"325.1",3
1,29,"1709.2",9
1,19,"363.8",11
2,91,"808.89",11
1,42,"428.9",11
1,7,"104.5",9
1,28,"470.9",11
2,84,"418.96",11
4,11,"314.5",2
3,35,"4203.05",11
3,176,"3441.5",10
1,24,"370.7",9
4,98,"430.72",6
2,65,"1056.6",11
1,49,"1098.2",9
2,43,"2400.2",9
3,97,"3407.1",11
1,37,"1144.2",8
1,14,"167.5",11
1,27,"157.84",11
1,52,"792.45",10
1,35,"427.3",10
2,218,"615.66",11
4,8,"101.26",5
0,385,"1703.76",10
1,33,"479.6",11
2,90,"993.09",11
2,94,"1417.66",11
2,145,"663.56",11
1,32,"211.88",10
1,28,"409.75",10
1,46,"850.3",11
4,76,"629.05",3
2,101,"721.91",10
1,64,"251.19",11
1,28,"438.7",11
1,32,"236.4",10
1,16,"932.95",9
4,29,"331.75",2
2,100,"550.52",9
4,22,"437.9",5
1,55,"758.7",9
2,65,"1313.75",10
3,6,"3167.4",11
2,71,"1196.6",11
1,39,"776.35",11
2,83,"1344.2",8
0,312,"1113.68",10
4,10,"138.2",6
1,34,"362.95",10
2,84,"1510.25",11
1,70,"783.35",7
4,8,"134.9",5
1,68,"664.47",10
2,121,"2264.15",11
4,23,"335.7",3
2,102,"1521.72",11
1,33,"852.0",11
1,21,"326.45",10
4,23,"584.75",2
4,1,"122.0",2
4,1,"79.2",3
1,21,"1352.4",11
1,10,"217.0",9
4,38,"436.15",2
2,167,"982.45",11
1,18,"314.6",7
1,51,"816.7",8
1,1,"17.0",8
2,63,"1076.7",11
4,12,"320.3",3
4,10,"185.05",4
1,39,"734.3",10
2,76,"1292.7",9
2,57,"1840.5",10
1,29,"302.96",10
4,13,"339.0",4
1,6,"108.1",10
3,31,"3207.2",11
1,48,"841.1",9
4,18,"611.0",5
0,354,"1338.36",10
1,16,"196.1",7
4,30,"161.4",6
4,8,"136.2",6
0,284,"1669.02",11
4,34,"612.7",5
4,30,"232.35",6
1,30,"1308.8",10
2,212,"869.31",10
1,16,"306.6",10
4,11,"249.0",1
3,117,"6291.0",11
1,40,"656.7",10
2,89,"1877.05",11
3,78,"3506.3",10
4,21,"516.35",3
1,37,"708.7",10
1,31,"634.3",11
1,30,"619.3",9
4,37,"536.9",4
4,1,"175.2",4
1,29,"732.7",7
1,22,"375.8",7
4,1,"76.3",2
4,29,"1829.3",3
1,18,"656.7",11
4,14,"347.4",3
1,20,"1025.8",10
4,2,"37.4",4
1,34,"821.6",11
2,125,"1884.65",10
1,3,"73.2",10
2,69,"1138.4",9
2,84,"1418.5",11
1,23,"1010.05",8
1,58,"1037.3",9
1,15,"332.0",10
1,8,"197.8",7
1,11,"215.95",10
1,11,"305.9",9
3,28,"6617.5",9
1,15,"338.8",10
1,45,"1158.1",10
1,31,"529.05",11
0,295,"6909.9",11
2,67,"983.75",10
1,11,"215.5",11
1,6,"214.85",10
4,19,"313.7",4
1,15,"400.701",9
1,57,"406.02",11
2,98,"761.37",11
1,63,"538.43",10
1,19,"393.96",11
1,66,"665.66",10
2,46,"2262.2",9
1,23,"548.55",9
1,41,"690.65",11
1,6,"159.0",9
4,44,"1062.8",6
1,14,"242.15",9
4,37,"915.55",3
4,15,"304.6",4
4,137,"848.49",1
2,96,"1294.2",10
2,134,"1096.77",10
4,8,"255.2",5
4,6,"314.1",4
1,47,"1010.71",9
4,35,"540.5",6
1,37,"989.6",10
1,46,"867.1",10
1,20,"432.4",9
1,19,"413.8",10
3,135,"3725.9",11
1,51,"409.19",11
2,90,"1410.5",11
4,16,"114.62",6
1,7,"152.7",10
2,69,"1800.5",10
3,123,"3679.5",10
4,13,"751.6",3
4,2,"46.95",6
3,135,"5206.7",10
1,18,"1034.9",10
2,124,"747.21",11
1,61,"860.67",9
1,45,"670.45",9
1,25,"411.7",8
4,33,"559.65",5
4,6,"811.0",6
1,23,"566.35",8
2,107,"1512.36",11
2,17,"2061.5",9
4,11,"168.9",1
2,109,"824.24",11
4,8,"142.3",6
1,17,"301.9",8
2,79,"1327.8",11
4,20,"302.0",3
1,27,"598.9",11
1,11,"233.3",8
3,162,"5360.9",11
1,22,"360.9",7
2,4,"2560.0",11
1,42,"706.2",8
1,37,"616.45",11
4,14,"226.45",1
2,69,"1343.7",8
1,19,"327.3",11
4,3,"405.0",5
4,1,"208.0",5
2,118,"428.66",8
1,18,"594.2",10
1,39,"252.39",11
2,153,"1593.77",11
1,10,"150.3",11
1,11,"215.25",7
4,20,"109.95",2
2,153,"550.06",8
2,77,"1969.9",11
1,15,"322.45",9
1,47,"370.9",11
1,2,"101.1",7
1,38,"576.61",10
2,92,"888.58",11
2,235,"1469.89",11
4,9,"53.5",2
2,57,"1117.1",11
4,8,"153.5",1
1,28,"494.5",11
1,39,"396.36",10
4,31,"212.17",5
1,34,"658.6",11
2,106,"899.24",11
2,81,"735.06",11
1,5,"109.4",10
1,53,"708.35",11
1,18,"330.3",11
2,118,"1551.77",11
2,228,"1322.79",9
2,97,"368.28",11
2,111,"473.22",10
4,5,"676.0",3
4,23,"363.0",4
2,32,"1779.65",10
2,102,"669.11",9
1,33,"584.7",9
2,88,"316.37",11
4,4,"94.4",1
1,34,"1382.75",10
4,45,"221.65",3
2,83,"1549.0",10
2,210,"1496.72",10
2,82,"1706.95",7
1,73,"409.04",11
1,29,"304.35",9
4,10,"177.1",1
1,23,"443.6",9
4,5,"166.85",2
1,62,"163.42",11
2,172,"2126.36",11
0,232,"2031.11",11
1,35,"151.89",10
1,31,"262.0",10
1,7,"126.25",11
1,54,"210.5",10
2,71,"1050.23",11
2,102,"676.29",10
1,51,"972.66",8
1,18,"345.6",11
4,5,"134.0",6
4,21,"303.7",2
4,9,"241.04",3
1,2,"284.55",8
1,6,"301.1",10
4,83,"643.15",5
1,8,"287.3",10
1,17,"184.18",11
2,109,"1523.47",11
1,24,"381.2",10
2,84,"655.55",10
1,63,"230.81",11
1,36,"259.0",7
4,20,"189.35",5
4,40,"707.88",5
1,11,"312.0",7
1,14,"267.5",9
1,2,"6.9",10
4,9,"208.5",5
2,135,"814.14",11
4,33,"151.42",6
1,3,"136.0",9
2,82,"1420.7",11
2,236,"1315.53",11
2,148,"1603.68",11
1,2,"74.9",9
2,182,"650.54",11
4,13,"222.4",3
4,18,"316.85",6
1,28,"542.7",9
1,17,"329.8",11
1,35,"301.1",11
1,53,"771.3",9
1,18,"220.2",11
4,19,"139.4",5
4,25,"404.4",6
1,42,"363.88",9
1,29,"498.4",11
1,39,"733.5",10
2,56,"1350.25",9
4,50,"825.85",2
3,136,"2963.2",10
1,15,"101.09",7
2,86,"484.3",11
1,4,"779.0",11
1,3,"90.3",11
4,13,"363.75",2
2,169,"950.91",11
2,113,"1625.8",10
1,6,"101.7",11
4,17,"162.35",3
1,40,"485.77",10
4,15,"289.9",6
1,14,"228.1",9
4,30,"455.05",6
3,4,"6748.0",11
2,177,"1097.24",11
1,55,"550.99",8
1,5,"119.6",10
4,3,"339.5",6
1,32,"919.3",9
1,52,"836.05",10
1,17,"285.3",11
1,11,"281.85",11
1,19,"1078.5",10
1,18,"613.4",11
4,35,"864.0",5
3,126,"3739.6",11
2,87,"1423.6",11
1,57,"1008.85",8
1,42,"664.65",9
1,28,"447.6",9
4,9,"106.5",6
1,6,"315.1",8
1,28,"935.2",9
4,8,"464.0",4
4,13,"225.0",4
1,33,"457.3",9
1,10,"213.35",10
1,27,"330.25",10
1,53,"181.49",9
1,85,"361.4",10
4,10,"145.2",2
1,31,"244.8",10
1,29,"527.05",11
1,34,"481.6",9
0,276,"5498.6",11
4,6,"74.7",5
4,10,"129.6",6
2,66,"1187.8",11
1,30,"617.8",9
4,26,"507.9",6
1,33,"501.0",11
4,5,"151.45",4
3,96,"2648.95",11
4,14,"226.1",3
1,29,"812.85",10
4,5,"129.45",4
1,48,"811.76",9
4,23,"333.7",3
1,20,"323.0",9
2,117,"2188.3",11
1,64,"417.7",9
3,152,"2884.45",11
2,69,"1156.85",11
2,50,"1257.3",11
1,12,"230.4",8
4,27,"487.4",4
4,62,"837.9",6
4,14,"214.7",6
1,19,"289.8",10
1,24,"517.7",9
3,118,"6773.25",10
2,69,"1213.75",11
0,261,"3793.97",11
2,208,"938.45",11
4,2,"39.0",6
1,16,"1267.1",11
1,32,"121.49",11
1,53,"570.6",10
1,20,"305.8",11
2,160,"1377.25",11
1,6,"1692.8",11
2,98,"320.04",10
2,89,"1591.1",11
1,10,"183.7",10
2,44,"1770.2",9
1,62,"323.55",10
1,13,"422.1",9
1,12,"225.55",9
4,3,"1276.5",3
1,60,"482.66",10
1,10,"658.5",7
4,21,"112.75",4
4,5,"1998.0",4
2,123,"531.62",11
1,27,"655.7",10
3,79,"3029.1",9
0,447,"3649.54",11
4,93,"1165.0",5
1,19,"302.3",9
4,2,"901.0",3
1,27,"154.22",11
4,37,"292.35",3
1,43,"589.17",9
0,269,"1055.1",10
2,82,"745.52",10
1,28,"603.5",11
1,53,"650.23",10
2,125,"2303.9",9
1,1,"418.0",10
4,1,"3.75",2
4,13,"323.65",6
1,1,"464.9",10
2,242,"1305.97",11
0,357,"7192.31",9
1,42,"836.05",11
2,69,"1515.9",11
2,95,"623.98",10
2,25,"1766.9",11
1,34,"225.45",10
2,170,"1501.13",8
4,13,"239.4",5
4,7,"106.6",1
1,22,"369.16",10
1,13,"317.0",9
2,89,"1501.0",11
4,23,"610.7",5
4,1,"34.0",2
4,34,"1146.0",3
0,222,"5578.45",11
1,54,"478.09",10
4,40,"380.61",3
0,255,"2251.01",11
1,26,"170.84",10
1,48,"663.17",10
1,76,"388.45",10
1,50,"226.35",9
1,16,"245.0",9
1,60,"424.63",8
1,3,"107.6",11
2,155,"598.33",8
0,320,"1722.42",11
4,12,"110.55",3
1,16,"242.8",10
1,18,"305.3",9
2,164,"1201.62",11
2,76,"1621.6",6
1,24,"333.7",10
1,60,"537.29",11
2,103,"801.87",8
2,67,"1120.8",7
1,23,"288.85",9
2,149,"916.22",11
4,15,"309.8",5
3,188,"3349.8",11
1,26,"497.25",9
4,38,"358.7",4
1,26,"459.7",11
1,28,"774.7",11
1,22,"340.85",10
1,8,"129.1",9
1,11,"197.9",7
1,23,"328.6",11
4,12,"199.2",6
4,24,"411.9",4
1,11,"251.6",10
3,165,"3175.25",11
4,25,"588.75",5
2,116,"1870.1",11
2,63,"1263.8",8
1,11,"214.9",10
1,12,"193.6",10
1,14,"280.8",10
4,8,"124.6",6
4,19,"332.0",1
1,9,"145.55",11
1,19,"328.2",11
1,2,"35.4",11
1,52,"749.3",7
1,6,"173.8",10
1,11,"207.8",7
2,128,"826.76",11
3,137,"2811.55",11
1,7,"681.0",9
2,112,"2091.7",10
2,159,"854.45",11
1,3,"13.3",9
2,178,"1520.81",11
1,1,"432.0",10
1,39,"704.7",10
1,26,"430.35",11
1,37,"194.99",11
2,135,"1582.3",5
1,69,"219.14",10
4,37,"289.78",2
2,79,"886.2",11
2,44,"1707.25",8
1,60,"372.43",11
2,93,"579.93",9
1,18,"379.1",9
3,101,"2574.2",11
4,8,"113.49",2
1,38,"208.51",11
1,57,"622.1",11
4,9,"392.7",3
2,128,"1071.76",10
1,60,"170.62",10
2,83,"846.84",11
1,54,"381.1",11
1,53,"161.49",10
2,62,"950.55",10
1,57,"262.64",11
0,305,"3056.24",10
0,281,"1920.59",11
4,33,"816.75",5
4,21,"407.0",4
1,19,"433.6",7
2,86,"1273.05",7
1,16,"168.59",8
1,1,"20.8",11
1,16,"308.7",11
4,16,"416.2",4
1,7,"117.5",9
2,101,"507.68",11
1,14,"234.0",8
4,7,"111.0",6
4,26,"201.29",4
4,21,"320.0",6
1,42,"648.75",10
1,41,"357.26",11
4,2,"251.5",3
1,39,"344.54",9
4,87,"1080.98",3
1,22,"384.3",10
0,407,"4480.07",9
1,3,"1873.2",11
4,1,"179.0",5
2,93,"1613.45",11
4,12,"702.0",2
1,4,"295.4",7
1,23,"484.6",11
2,49,"1493.25",9
2,44,"1412.94",10
1,11,"194.7",11
1,15,"269.7",11
2,217,"1853.62",11
1,16,"920.1",10
1,7,"70.9",11
1,3,"95.9",10
2,153,"890.75",9
1,2,"716.0",8
1,11,"147.1",10
1,22,"380.4",11
1,30,"745.75",11
4,28,"433.15",4
2,75,"1267.6",9
1,22,"112.4",11
1,15,"450.75",7
2,102,"1734.35",11
1,6,"949.3",11
1,22,"339.45",8
1,22,"641.3",7
2,65,"1100.7",9
1,43,"924.8",8
0,316,"3231.44",9
4,43,"247.36",5
2,92,"414.43",11
1,13,"498.7",8
2,83,"1357.75",11
2,62,"1182.8",9
4,5,"234.4",3
3,99,"5235.3",9
2,78,"1461.7",11
1,62,"860.05",10
1,64,"312.27",8
3,140,"2427.61",11
2,174,"1449.02",11
2,77,"835.32",11
1,28,"377.97",11
1,2,"118.8",9
1,8,"286.8",11
1,64,"290.16",11
2,81,"2002.29",11
2,52,"1404.0",8
3,162,"2952.95",11
2,115,"1991.6",11
2,125,"1783.75",10
4,14,"301.0",1
2,74,"1328.35",11
1,48,"1022.05",11
2,65,"971.0",11
2,42,"1622.35",11
4,1,"25.5",3
2,90,"666.45",7
2,117,"884.35",11
4,12,"163.35",6
1,30,"250.0",10
4,9,"116.05",2
4,10,"157.9",1
4,18,"307.6",4
1,7,"138.3",8
1,9,"345.3",7
4,32,"298.77",6
1,40,"259.93",10
4,14,"156.65",1
3,27,"4892.85",11
1,24,"425.3",8
4,24,"381.2",3
4,20,"465.1",4
4,15,"579.0",4
2,81,"1714.1",11
1,9,"124.9",10
4,14,"1689.0",5
1,14,"213.9",11
1,23,"330.0",9
1,20,"251.2",11
2,101,"1538.45",11
0,229,"3516.3",11
2,104,"1719.95",11
1,5,"293.1",11
3,144,"2464.9",11
4,10,"158.6",2
1,12,"206.4",11
1,54,"835.4",10
4,16,"224.2",2
1,15,"318.6",9
4,4,"60.0",5
2,63,"1442.45",10
4,15,"306.4",5
2,128,"796.28",10
1,2,"144.0",10
4,10,"204.25",4
1,19,"445.39",10
2,32,"1696.9",11
1,29,"1012.8",11
1,40,"343.55",10
3,152,"3563.56",11
4,57,"1564.05",6
1,13,"385.0",10
1,7,"204.4",10
4,4,"227.0",3
4,9,"113.55",4
1,25,"114.21",11
1,28,"354.64",10
4,21,"394.0",2
1,47,"318.91",9
1,25,"191.02",11
4,14,"150.05",6
1,19,"315.13",11
4,15,"382.4",1
1,40,"1134.6",8
1,31,"953.11",10
4,9,"171.3",5
1,55,"282.27",11
1,69,"319.24",8
1,87,"353.81",8
1,18,"178.45",11
1,78,"298.29",10
1,16,"240.55",8
4,23,"63.44",5
2,127,"563.28",7
1,38,"317.67",8
1,6,"764.0",8
2,114,"2147.8",10
1,27,"112.43",11
4,69,"1065.88",4
4,15,"245.95",4
1,9,"187.85",10
2,94,"1701.83",8
0,292,"1652.86",10
1,45,"153.84",11
2,111,"944.86",11
4,1,"551.0",2
1,69,"558.03",11
1,51,"131.83",11
1,30,"498.95",8
1,57,"670.93",11
1,66,"197.65",11
2,79,"1134.24",11
1,12,"83.05",9
2,55,"1385.25",9
1,14,"643.9",7
2,24,"2332.4",11
3,131,"2523.5",11
2,9,"2601.5",10
2,200,"921.78",11
4,6,"96.8",3
1,33,"523.2",11
1,6,"363.9",11
1,1,"175.2",8
1,28,"493.2",9
4,11,"306.6",2
1,32,"160.59",10
2,87,"538.28",11
1,1,"229.0",9
2,215,"1163.03",11
4,9,"111.75",6
1,27,"587.45",11
1,8,"1744.0",8
1,16,"1394.4",10
4,19,"178.4",2
1,45,"388.09",11
1,15,"127.66",11
2,132,"587.62",11
1,29,"488.47",10
4,35,"312.35",4
0,468,"4807.03",11
4,34,"167.9",4
2,111,"1908.69",11
1,33,"445.7",9
1,57,"646.2",10
4,28,"495.8",5
1,24,"203.2",9
2,83,"407.24",11
1,2,"65.0",10
1,15,"336.3",11
1,47,"261.16",11
2,78,"784.77",11
1,15,"1260.1",9
4,3,"510.0",6
4,4,"204.35",5
2,92,"697.34",11
1,38,"652.5",8
1,33,"281.99",11
4,2,"32.65",6
4,13,"771.9",6
2,64,"1215.45",11
1,41,"777.9",11
1,6,"777.6",10
1,14,"507.8",9
0,269,"6902.0",11
1,30,"463.9",10
2,117,"1980.2",11
1,26,"696.5",10
1,43,"757.2",11
1,2,"100.8",9
1,39,"524.9",8
4,43,"403.62",1
1,48,"365.49",11
1,54,"303.25",9
4,17,"388.6",3
1,5,"187.0",7
2,135,"2252.9",11
4,9,"119.3",6
1,36,"540.0",10
1,19,"487.05",11
4,8,"131.7",5
1,19,"1737.7",8
1,54,"316.83",11
2,111,"656.55",10
2,111,"759.71",11
1,27,"675.95",10
2,215,"1903.67",11
1,9,"290.3",7
1,41,"763.3",11
1,5,"137.0",11
2,88,"1870.7",11
2,181,"709.79",6
1,14,"195.9",9
1,29,"510.9",9
1,21,"413.9",10
4,24,"396.3",3
1,29,"375.2",10
4,12,"374.05",4
1,17,"271.6",9
4,40,"627.0",2
1,5,"1138.0",11
4,18,"288.05",5
1,28,"689.1",11
3,127,"2999.15",5
1,52,"1143.7",7
1,14,"303.7",9
4,88,"607.73",3
0,366,"6123.5",10
1,20,"308.0",11
3,105,"2919.5",11
1,6,"513.0",9
1,40,"209.41",8
2,87,"639.08",11
2,137,"768.36",11
4,11,"154.1",2
1,30,"546.8",10
1,45,"721.6",11
1,33,"652.0",11
1,47,"942.95",10
4,14,"297.7",6
1,9,"223.7",10
4,13,"163.0",3
4,3,"76.5",6
2,75,"898.73",11
1,9,"98.1",11
1,25,"579.5",11
4,25,"171.4",3
2,145,"646.36",10
4,5,"103.3",4
1,6,"149.2",11
4,42,"267.45",5
1,2,"1488.0",8
2,106,"483.07",11
4,6,"158.45",5
1,34,"542.0",11
1,26,"854.6",9
1,46,"167.56",11
2,63,"1122.3",11
1,49,"454.22",11
4,29,"344.36",1
0,299,"1499.56",10
1,25,"380.4",11
4,8,"185.3",4
4,5,"143.3",5
4,29,"175.43",4
2,214,"1133.84",8
1,23,"1239.8",8
0,253,"2409.45",10
1,50,"993.0",9
1,83,"388.69",11
4,55,"2045.15",5
1,13,"162.45",11
4,9,"116.4",4
1,11,"394.8",9
4,63,"308.96",5
1,59,"194.14",11
2,237,"1113.03",10
2,135,"2053.2",10
0,312,"4559.07",11
2,100,"390.34",10
1,14,"329.85",8
4,77,"218.6",1
1,4,"80.6",10
1,33,"526.6",11
1,50,"843.95",11
0,315,"2050.91",11
1,5,"75.2",9
4,26,"503.8",6
2,70,"1322.5",11
0,297,"2362.91",11
1,20,"286.8",11
1,35,"547.35",11
4,7,"108.5",3
1,5,"621.3",9
1,40,"714.9",8
1,7,"133.15",10
2,91,"1798.1",10
1,52,"868.8",7
1,8,"165.3",11
0,232,"3948.45",11
0,259,"4865.1",11
1,44,"1207.6",11
4,22,"117.55",3
2,82,"1675.4",9
1,19,"594.9",11
1,45,"196.3",7
2,86,"1802.45",11
1,43,"606.0",11
2,116,"2055.3",10
3,68,"3406.4",10
4,11,"205.1",4
3,110,"3177.95",10
4,16,"299.6",3
2,30,"1991.55",10
1,11,"184.0",11
1,15,"239.3",10
1,16,"202.0",7
1,15,"282.8",7
1,35,"765.4",7
4,19,"339.3",4
4,8,"155.0",3
3,142,"2531.35",11
4,24,"418.0",4
2,74,"1825.0",11
1,55,"795.5",11
4,31,"885.7",6
4,5,"152.4",6
4,35,"267.15",6
4,7,"137.5",6
1,23,"384.5",11
1,29,"522.9",10
4,10,"153.0",1
4,1,"326.0",5
0,245,"5655.7",11
4,6,"139.4",4
0,274,"5396.7",11
3,10,"3277.9",8
1,40,"1032.8",9
3,192,"3438.1",11
2,66,"1063.1",11
2,67,"1240.45",9
1,35,"691.7",11
1,43,"699.7",10
1,25,"377.7",11
1,10,"168.5",11
2,97,"1879.3",11
1,15,"355.05",8
4,6,"110.65",4
1,1,"71.4",8
4,35,"674.3",6
0,412,"3464.44",11
2,95,"833.81",11
1,19,"713.8",11
4,1,"15.0",3
2,75,"820.14",10
1,57,"371.93",7
1,21,"271.46",11
0,310,"4001.8",11
4,38,"1144.85",5
1,54,"249.97",10
1,53,"182.81",11
2,156,"1226.07",9
4,3,"56.0",3
2,194,"666.28",11
2,82,"658.55",11
1,12,"187.98",7
1,67,"285.54",9
1,13,"132.75",10
1,72,"278.86",9
1,5,"1117.7",9
4,14,"225.9",3
1,10,"106.15",11
1,58,"322.68",11
4,46,"351.1",6
2,111,"783.67",11
2,104,"1202.15",11
1,10,"511.79",9
1,43,"546.65",11
0,371,"1772.19",11
1,13,"298.0",10
1,2,"35.4",11
1,61,"155.44",10
1,24,"109.91",10
2,169,"1595.04",10
1,56,"341.13",10
4,37,"205.8",2
1,1,"2033.1",9
4,26,"605.85",5
1,24,"114.34",11
4,15,"311.46",6
4,25,"147.91",2
4,11,"330.9",1
2,102,"597.95",11
1,9,"329.6",7
2,79,"1196.78",11
4,10,"156.6",5
4,46,"683.16",6
4,12,"237.05",6
1,26,"378.84",10
4,6,"178.25",6
4,8,"133.85",2
1,64,"190.43",11
2,109,"899.53",11
1,10,"111.35",8
4,21,"203.87",5
4,34,"201.9",6
1,28,"244.04",10
4,16,"112.51",4
1,16,"97.9",10
1,2,"257.0",11
1,28,"153.07",9
1,32,"156.28",7
4,6,"112.2",6
1,19,"110.38",11
1,38,"191.66",11
4,12,"72.85",4
1,39,"367.21",11
1,23,"1303.6",9
2,145,"826.33",10
4,1,"208.0",3
1,21,"397.5",7
1,23,"212.38",10
1,5,"843.2",11
2,39,"1743.0",11
1,65,"409.59",7
2,90,"1330.05",11
1,21,"704.45",10
1,29,"145.84",7
1,12,"98.98",7
3,19,"4105.86",10
1,2,"304.0",8
4,20,"149.6",4
1,9,"177.0",11
1,1,"359.0",7
4,19,"557.6",5
4,1,"12.75",4
1,31,"113.28",10
1,7,"508.46",8
4,26,"73.83",6
1,35,"102.69",7
2,68,"1100.52",11
4,31,"582.5",5
4,31,"136.0",4
1,15,"337.2",10
2,179,"741.09",11
1,21,"288.6",11
2,146,"758.6",11
1,48,"152.79",7
1,23,"636.2",11
1,1,"20.8",10
4,13,"197.45",6
1,38,"201.17",11
4,5,"93.35",4
2,81,"678.89",8
4,2,"76.6",3
2,166,"1974.59",9
1,58,"418.37",11
1,22,"444.38",11
2,30,"2116.44",9
4,32,"257.95",4
4,14,"174.8",3
1,31,"187.1",7
1,32,"166.41",11
1,3,"523.0",9
1,29,"122.16",8
1,5,"38.45",10
2,191,"668.72",11
1,21,"389.86",7
1,21,"115.2",9
4,5,"74.3",1
1,34,"97.94",10
2,112,"422.75",11
1,53,"728.58",11
2,96,"405.94",11
1,19,"357.3",11
1,7,"165.2",10
1,47,"190.0",10
4,7,"172.05",5
1,20,"300.7",9
4,19,"362.45",2
1,3,"170.2",11
1,18,"306.3",11
4,27,"720.45",6
1,7,"814.0",7
1,10,"318.0",9
1,37,"395.47",10
4,1,"101.7",2
0,470,"2036.35",11
4,18,"247.3",6
3,73,"3878.7",8
4,29,"336.13",5
3,127,"3655.53",10
1,2,"1231.0",11
1,17,"343.45",11
2,73,"702.95",11
1,1,"90.0",11
4,7,"101.1",3
3,2,"4055.8",9
1,39,"167.27",10
2,36,"2109.3",9
3,70,"3013.6",9
4,21,"580.25",1
2,213,"911.95",11
1,19,"168.45",8
1,41,"224.18",11
1,38,"753.0",11
1,18,"113.48",11
4,39,"430.95",1
4,17,"271.0",3
1,46,"236.3",11
1,26,"353.08",11
4,28,"220.2",2
1,74,"320.64",11
4,17,"111.25",5
1,32,"671.5",7
1,36,"590.2",11
2,196,"1143.22",11
1,56,"206.94",10
1,47,"348.84",11
4,14,"112.55",4
2,70,"1059.15",11
4,1,"931.0",5
1,20,"682.55",11
1,38,"785.4",10
4,8,"152.65",2
3,159,"8436.3",11
1,15,"1019.1",7
1,61,"999.55",8
0,221,"2862.39",11
1,10,"159.4",7
1,7,"180.0",10
1,16,"611.9",10
1,37,"566.7",11
1,38,"652.8",7
1,25,"370.6",9
1,34,"452.6",11
4,23,"530.6",2
1,39,"638.2",10
2,80,"1618.45",11
1,24,"401.45",11
4,10,"302.6",6
1,37,"1385.5",11
1,9,"202.7",10
1,38,"979.7",11
2,54,"1231.45",10
3,189,"7564.2",11
2,31,"2106.4",9
2,74,"1342.65",11
2,90,"1794.35",11
1,44,"382.8",11
4,37,"632.4",4
1,1,"50.0",11
4,17,"303.35",4
2,71,"1999.3",11
2,68,"1089.5",9
4,15,"284.9",5
4,7,"208.0",3
1,45,"958.05",9
4,16,"244.15",6
1,7,"974.0",9
2,141,"688.92",9
1,32,"163.42",8
4,68,"1396.4",5
1,19,"160.5",7
2,200,"1998.92",9
1,32,"517.6",11
1,8,"139.0",11
1,42,"599.19",11
4,43,"248.7",1
4,15,"233.7",4
1,13,"298.9",9
1,26,"481.5",11
1,31,"618.8",11
4,21,"661.9",5
4,2,"306.0",4
2,64,"1042.55",11
1,19,"442.15",9
4,10,"158.8",3
0,242,"5227.85",10
4,5,"93.75",5
1,30,"779.3",10
3,86,"2809.2",11
2,124,"2084.65",5
1,37,"595.4",9
4,1,"440.0",1
2,104,"1793.6",9
1,49,"884.0",11
1,6,"423.1",10
2,104,"2070.2",11
2,78,"2232.75",9
1,4,"595.5",11
1,47,"805.3",8
1,8,"95.1",11
4,21,"348.15",2
3,16,"4313.0",9
2,98,"527.68",10
1,6,"102.9",9
2,118,"2337.75",10
1,21,"324.25",10
1,13,"149.2",7
2,61,"1213.4",11
1,46,"802.1",9
1,1,"25.5",7
1,11,"282.55",11
1,11,"175.55",11
1,14,"335.1",10
1,8,"110.9",10
1,9,"173.7",9
4,10,"181.0",3
4,7,"80.7",6
2,70,"1836.2",10
